name,isbn,image,category,author,price,format
This is Going to Hurt,9781510000000,https://d1w7fb2mkkr3kw.cloudfront.net/assets/images/book/mid/9781/5098/9781509858637.jpg,Medical,Adam Kay,7.6,Paperback
"Thinking, Fast and Slow",9780140000000,https://d1w7fb2mkkr3kw.cloudfront.net/assets/images/book/mid/9780/1410/9780141033570.jpg,Medical,Daniel Kahneman,11.5,Paperback
When Breath Becomes Air,9781780000000,https://d1w7fb2mkkr3kw.cloudfront.net/assets/images/book/mid/9781/7847/9781784701994.jpg,Medical,Paul Kalanithi,9.05,Paperback
The Happiness Trap,9781850000000,https://d1w7fb2mkkr3kw.cloudfront.net/assets/images/book/mid/9781/8452/9781845298258.jpg,Medical,Russ Harris,8.34,Paperback
The Man Who Mistook His Wife for a Hat,9780330000000,https://d1w7fb2mkkr3kw.cloudfront.net/assets/images/book/mid/9780/3305/9780330523622.jpg,Medical,Oliver Sacks,5.92,Paperback
12 Rules for Life,9780240000000,https://d1w7fb2mkkr3kw.cloudfront.net/assets/images/book/mid/9780/2413/9780241351642.jpg,Medical,Jordan B. Peterson,18.31,Paperback
Gut,9781930000000,https://d1w7fb2mkkr3kw.cloudfront.net/assets/images/book/mid/9781/9252/9781925228601.jpg,Medical,Giulia Enders,10.49,Paperback
Medical Medium Liver Rescue,9781400000000,https://d1w7fb2mkkr3kw.cloudfront.net/assets/images/book/mid/9781/4019/9781401954406.jpg,Medical,Anthony William,23.76,Hardback
Gut and Psychology Syndrome,9780950000000,https://d1w7fb2mkkr3kw.cloudfront.net/assets/images/book/mid/9780/9548/9780954852023.jpg,Medical,Dr Natasha Campbell-McBride,19.48,Paperback
Steal Like an Artist,9780760000000,https://d1w7fb2mkkr3kw.cloudfront.net/assets/images/book/mid/9780/7611/9780761169253.jpg,Medical,Austin Kleon,8.81,Paperback
Sitting Still Like A Frog,9781610000000,https://d1w7fb2mkkr3kw.cloudfront.net/assets/images/book/mid/9781/6118/9781611800586.jpg,Medical,Eline Snel,10.4,Paperback
Birth Skills,9780090000000,https://d1w7fb2mkkr3kw.cloudfront.net/assets/images/book/mid/9780/0919/9780091922146.jpg,Medical,Juju Sundin,17.03,Paperback
Diagnostic and Statistical Manual of Mental Disorders (DSM-5),9780890000000,https://d1w7fb2mkkr3kw.cloudfront.net/assets/images/book/mid/9780/8904/9780890425558.jpg,Medical,American Psychiatric Association,95.94,Paperback
Publication Manual of the American Psychological Association,9781430000000,https://d1w7fb2mkkr3kw.cloudfront.net/assets/images/book/mid/9781/4338/9781433805615.jpg,Medical,American Psychological Association,30.49,Paperback
Proof of Heaven,9781450000000,https://d1w7fb2mkkr3kw.cloudfront.net/assets/images/book/mid/9781/4516/9781451695199.jpg,Medical,Dr. Eben Alexander,13.01,Paperback
The Complete Guide to Asperger's Syndrome,9781840000000,https://d1w7fb2mkkr3kw.cloudfront.net/assets/images/book/mid/9781/8431/9781843106692.jpg,Medical,Tony Attwood,20.08,Paperback
The Anatomy Coloring Book,9780320000000,https://d1w7fb2mkkr3kw.cloudfront.net/assets/images/book/mid/9780/3218/9780321832016.jpg,Medical,Wynn Kapit,24.25,Paperback
The Plant Paradox,9780060000000,https://d1w7fb2mkkr3kw.cloudfront.net/assets/images/book/mid/9780/0624/9780062427137.jpg,Medical,Steven R. Gundry,16.53,Hardback
Raising an Emotionally Intelligent Child,9780680000000,https://d1w7fb2mkkr3kw.cloudfront.net/assets/images/book/mid/9780/6848/9780684838656.jpg,Medical,John Gottman,11.21,Paperback
Allen Carr's Easy Way to Stop Smoking,9781410000000,https://d1w7fb2mkkr3kw.cloudfront.net/assets/images/book/mid/9781/4059/9781405923316.jpg,Medical,Allen Carr,9.53,Paperback
The Mindful Way through Depression,9781590000000,https://d1w7fb2mkkr3kw.cloudfront.net/assets/images/book/mid/9781/5938/9781593851286.jpg,Medical,J. Mark G. Williams,17.54,Paperback
Call The Midwife,9780750000000,https://d1w7fb2mkkr3kw.cloudfront.net/assets/images/book/mid/9780/7538/9780753823835.jpg,Medical,Jennifer Worth,7.9,Paperback
The Dialectical Behavior Therapy Skills Workbook,9781570000000,https://d1w7fb2mkkr3kw.cloudfront.net/assets/images/book/mid/9781/5722/9781572245136.jpg,Medical,Matthew McKay,15.49,Paperback
"The Boy Who Was Raised as a Dog, 3rd Edition",9780470000000,https://d1w7fb2mkkr3kw.cloudfront.net/assets/images/book/mid/9780/4650/9780465094455.jpg,Medical,Bruce D. Perry,13.64,Paperback
Strength Training Anatomy,9780740000000,https://d1w7fb2mkkr3kw.cloudfront.net/assets/images/book/mid/9780/7360/9780736092265.jpg,Medical,Frederic Delavier,13.83,Paperback
Radical Acceptance,9780550000000,https://d1w7fb2mkkr3kw.cloudfront.net/assets/images/book/mid/9780/5533/9780553380996.jpg,Medical,Tara Brach,13.88,Paperback
Oxford Handbook of Clinical Medicine,9780200000000,https://d1w7fb2mkkr3kw.cloudfront.net/assets/images/book/mid/9780/1996/9780199689903.jpg,Medical,Ian B. Wilkinson,36.98,Paperback
"DBT Skills Training Manual, Second Edition",9781460000000,https://d1w7fb2mkkr3kw.cloudfront.net/assets/images/book/mid/9781/4625/9781462516995.jpg,Medical,Marsha M. Linehan,41.39,Paperback
Anatomy Trains,9780700000000,https://d1w7fb2mkkr3kw.cloudfront.net/assets/images/book/mid/9780/7020/9780702046544.jpg,Medical,Thomas W. Myers,51.23,Paperback
An Introductory Guide to Anatomy & Physiology,9781900000000,https://d1w7fb2mkkr3kw.cloudfront.net/assets/images/book/mid/9781/9033/9781903348345.jpg,Medical,Louise Tucker,23,Paperback
Rewire Your Anxious Brain,9781630000000,https://d1w7fb2mkkr3kw.cloudfront.net/assets/images/book/mid/9781/6262/9781626251137.jpg,Medical,Catherine M. Pittman,10.14,Paperback
The Emperor of All Maladies,9780010000000,https://d1w7fb2mkkr3kw.cloudfront.net/assets/images/book/mid/9780/0072/9780007250929.jpg,Medical,Siddhartha Mukherjee,13.44,Paperback
Brain Maker,9781470000000,https://d1w7fb2mkkr3kw.cloudfront.net/assets/images/book/mid/9781/4736/9781473619357.jpg,Medical,David Perlmutter,13.73,Paperback
Change Your Thinking,9781600000000,https://d1w7fb2mkkr3kw.cloudfront.net/assets/images/book/mid/9781/6009/9781600940521.jpg,Medical,Dr. Sarah Edelman,17.29,Paperback
You Can Heal Your Life,9781560000000,https://d1w7fb2mkkr3kw.cloudfront.net/assets/images/book/mid/9781/5617/9781561706280.jpg,Medical,Louise Hay,14.83,Paperback
Man's Search for Meaning,9780810000000,https://d1w7fb2mkkr3kw.cloudfront.net/assets/images/book/mid/9780/8070/9780807014271.jpg,Medical,Viktor E. Frankl,11.97,Paperback
Don't Shoot the Dog!,9781860000000,https://d1w7fb2mkkr3kw.cloudfront.net/assets/images/book/mid/9781/8605/9781860542381.jpg,Medical,Karen Pryor,8.11,Paperback
Self Compassion,9781440000000,https://d1w7fb2mkkr3kw.cloudfront.net/assets/images/book/mid/9781/4447/9781444738179.jpg,Medical,Kristin Neff,12.79,Paperback
Trail Guide to the Body,9780980000000,https://d1w7fb2mkkr3kw.cloudfront.net/assets/images/book/mid/9780/9829/9780982978658.jpg,Medical,R.  Andrew Biel,71.64,Spiral bound
When Breath Becomes Air,9781530000000,https://d1w7fb2mkkr3kw.cloudfront.net/assets/images/book/mid/9781/5291/9781529110944.jpg,Medical,Paul Kalanithi,7.54,Paperback
It Didn't Start with You,9781100000000,https://d1w7fb2mkkr3kw.cloudfront.net/assets/images/book/mid/9781/1019/9781101980385.jpg,Medical,Mark Wolynn,13.18,Paperback
The Complete Ketogenic Diet for Beginners,9781620000000,https://d1w7fb2mkkr3kw.cloudfront.net/assets/images/book/mid/9781/6231/9781623158088.jpg,Medical,Amy Ramos,11.08,Paperback
The End of Alzheimer's,9781790000000,https://d1w7fb2mkkr3kw.cloudfront.net/assets/images/book/mid/9781/7850/9781785041228.jpg,Medical,Dale E. Bredesen,15.49,Paperback
The Secret Language of Color Cards,9781580000000,https://d1w7fb2mkkr3kw.cloudfront.net/assets/images/book/mid/9781/5827/9781582703268.jpg,Medical,Inna Segal,10.1,Paperback
The China Study: Revised and Expanded Edition,9781940000000,https://d1w7fb2mkkr3kw.cloudfront.net/assets/images/book/mid/9781/9416/9781941631560.jpg,Medical,T. Colin Campbell,15.58,Paperback
Immortal Life of Henrietta Lacks,9780310000000,https://d1w7fb2mkkr3kw.cloudfront.net/assets/images/book/mid/9780/3078/9780307888440.jpg,Medical,Rebecca Skloot,8.82,Paperback
Maps of Meaning,9780420000000,https://d1w7fb2mkkr3kw.cloudfront.net/assets/images/book/mid/9780/4159/9780415922227.jpg,Medical,Jordan B. Peterson,49.85,Paperback
The Gene,9780100000000,https://d1w7fb2mkkr3kw.cloudfront.net/assets/images/book/mid/9780/0995/9780099584575.jpg,Medical,Siddhartha Mukherjee,12.59,Paperback
"Many Lives, Many Masters",9780670000000,https://d1w7fb2mkkr3kw.cloudfront.net/assets/images/book/mid/9780/6716/9780671657864.jpg,Medical,Brian L. Weiss,11.03,Paperback
"Breaking the vicious cycle, Intestinal health through diet",9780970000000,https://d1w7fb2mkkr3kw.cloudfront.net/assets/images/book/mid/9780/9692/9780969276814.jpg,Medical,Elaine Gottscha,22.3,Paperback
Highly Sensitive Child,9780770000000,https://d1w7fb2mkkr3kw.cloudfront.net/assets/images/book/mid/9780/7679/9780767908726.jpg,Medical,Elaine N. Aron,12.92,Paperback
The Body Remembers,9780390000000,https://d1w7fb2mkkr3kw.cloudfront.net/assets/images/book/mid/9780/3937/9780393703276.jpg,Medical,Babette Rothschild,28.58,Hardback
The Undiscovered Self,9780450000000,https://d1w7fb2mkkr3kw.cloudfront.net/assets/images/book/mid/9780/4512/9780451217325.jpg,Medical,C G Jung,6.38,Paperback
ACT Made Simple,9781680000000,https://d1w7fb2mkkr3kw.cloudfront.net/assets/images/book/mid/9781/6840/9781684033010.jpg,Medical,Russ Harris,30.5,Paperback
Dibs in Search of Self,9780350000000,https://d1w7fb2mkkr3kw.cloudfront.net/assets/images/book/mid/9780/3453/9780345339256.jpg,Medical,Virginia M. Axline,6.72,Paperback
"Ayurveda, the Science of Self-healing: A Practical Guide",9780910000000,https://d1w7fb2mkkr3kw.cloudfront.net/assets/images/book/mid/9780/9149/9780914955009.jpg,Medical,Vasant Lad,10.02,Paperback
Sweet Poison,9780720000000,https://d1w7fb2mkkr3kw.cloudfront.net/assets/images/book/mid/9780/7181/9780718179076.jpg,Medical,David Gillespie,8.82,Paperback
Art Therapy Sourcebook,9780070000000,https://d1w7fb2mkkr3kw.cloudfront.net/assets/images/book/mid/9780/0714/9780071468275.jpg,Medical,Cathy Malchiodi,17.09,Paperback
Intuitive Eating,9781250000000,https://d1w7fb2mkkr3kw.cloudfront.net/assets/images/book/mid/9781/2500/9781250004048.jpg,Medical,Evelyn Tribole,10.62,Paperback
Marshall & Ruedy's On Call: Principles & Protocols,9780730000000,https://d1w7fb2mkkr3kw.cloudfront.net/assets/images/book/mid/9780/7295/9780729542623.jpg,Medical,Anthony F. T. Brown,55.74,Paperback
Anatomy of Movement,9780940000000,https://d1w7fb2mkkr3kw.cloudfront.net/assets/images/book/mid/9780/9396/9780939616572.jpg,Medical,Blandine Calais-Germain,30.34,Paperback
Get into Medical School - 1250 UKCAT Practice Questions. Includes Full Mock Exam,9781910000000,https://d1w7fb2mkkr3kw.cloudfront.net/assets/images/book/mid/9781/9058/9781905812264.jpg,Medical,Olivier Picard,25.27,Paperback
Girls Only! All About Periods and Growing-Up Stuff,9780340000000,https://d1w7fb2mkkr3kw.cloudfront.net/assets/images/book/mid/9780/3408/9780340878286.jpg,Medical,Victoria Parker,5.64,Paperback
Birth Skills,9781740000000,https://d1w7fb2mkkr3kw.cloudfront.net/assets/images/book/mid/9781/7417/9781741750973.jpg,Medical,Juju Sundin,26.59,Paperback
The Beauty Detox Solution,9780370000000,https://d1w7fb2mkkr3kw.cloudfront.net/assets/images/book/mid/9780/3738/9780373892327.jpg,Medical,Kimberly Snyder,14.7,Paperback
The Eye Of The World,9780360000000,https://d1w7fb2mkkr3kw.cloudfront.net/assets/images/book/mid/9780/3565/9780356503820.jpg,Medical,Robert Jordan,10.73,Paperback
Metaphysical Anatomy,9781480000000,https://d1w7fb2mkkr3kw.cloudfront.net/assets/images/book/mid/9781/4823/9781482315820.jpg,Medical,Evette Rose,47.69,Paperback
West's Respiratory Physiology,9781500000000,https://d1w7fb2mkkr3kw.cloudfront.net/assets/images/book/mid/9781/4963/9781496310118.jpg,Medical,John B. West,35.24,Paperback
Wreck This Journal (Paper Bag),9780400000000,https://d1w7fb2mkkr3kw.cloudfront.net/assets/images/book/mid/9780/3991/9780399162718.jpg,Medical,Keri Smith,12.68,Paperback
The Handbook of Child and Adolescent Clinical Psychology,9781140000000,https://d1w7fb2mkkr3kw.cloudfront.net/assets/images/book/mid/9781/1388/9781138806139.jpg,Medical,Alan Carr,69.32,Paperback
Health Through God's Pharmacy,9783850000000,https://d1w7fb2mkkr3kw.cloudfront.net/assets/images/book/mid/9783/8506/9783850687737.jpg,Medical,Maria Treben,14.35,Paperback
Healing Back Pain (Reissue Edition),9781540000000,https://d1w7fb2mkkr3kw.cloudfront.net/assets/images/book/mid/9781/5387/9781538712610.jpg,Medical,John E. Sarno,7.32,Paperback
Overcoming Multiple Sclerosis Cookbook,9781760000000,https://d1w7fb2mkkr3kw.cloudfront.net/assets/images/book/mid/9781/7601/9781760113742.jpg,Medical,Ingrid Adelsberger,16.1,Paperback
Period Repair Manual,9780650000000,https://d1w7fb2mkkr3kw.cloudfront.net/assets/images/book/mid/9780/6483/9780648352402.jpg,Medical,Lara Briden,14.63,Paperback
The Sick Rose,9780500000000,https://d1w7fb2mkkr3kw.cloudfront.net/assets/images/book/mid/9780/5005/9780500517345.jpg,Medical,Richard Barnett,21.08,Hardback
Breaking Negative Thinking Patterns,9781120000000,https://d1w7fb2mkkr3kw.cloudfront.net/assets/images/book/mid/9781/1188/9781118877715.jpg,Medical,Gitta Jacob,20.29,Paperback
The Diabetes Code,9781770000000,https://d1w7fb2mkkr3kw.cloudfront.net/assets/images/book/mid/9781/7716/9781771642651.jpg,Medical,Dr. Jason Fung,14.73,Paperback
It Starts with the Egg,9781000000000,https://d1w7fb2mkkr3kw.cloudfront.net/assets/images/book/mid/9780/9996/9780999676189.jpg,Medical,Rebecca Fett,18.55,Paperback
"First Aid for the USMLE Step 1 2019, Twenty-ninth edition",9781260000000,https://d1w7fb2mkkr3kw.cloudfront.net/assets/images/book/mid/9781/2601/9781260143676.jpg,Medical,Tao Le,43.19,Paperback
Stop the Thyroid Madness,9780620000000,https://d1w7fb2mkkr3kw.cloudfront.net/assets/images/book/mid/9780/6154/9780615477121.jpg,Medical,Janie A Bowthorpe,20.4,Paperback
Essential Reiki,9780900000000,https://d1w7fb2mkkr3kw.cloudfront.net/assets/images/book/mid/9780/8959/9780895947369.jpg,Medical,Diane Stein,15.05,Paperback
"Essentials of Human Anatomy & Physiology, Global Edition",9781290000000,https://d1w7fb2mkkr3kw.cloudfront.net/assets/images/book/mid/9781/2922/9781292216119.jpg,Medical,Elaine N. Marieb,59.76,Paperback
The Eczema Diet,9781920000000,https://d1w7fb2mkkr3kw.cloudfront.net/assets/images/book/mid/9781/9219/9781921966460.jpg,Medical,Karen Fischer,12.11,Paperback
Trim Healthy Mama,9780990000000,https://d1w7fb2mkkr3kw.cloudfront.net/assets/images/book/mid/9780/9887/9780988775114.jpg,Medical,Pearl P Barrett,21.49,Paperback
Miller's Review of Critical Vaccine Studies,9781880000000,https://d1w7fb2mkkr3kw.cloudfront.net/assets/images/book/mid/9781/8812/9781881217404.jpg,Medical,Neil Z. Miller,16.48,Paperback
The Aware Baby,9780960000000,https://d1w7fb2mkkr3kw.cloudfront.net/assets/images/book/mid/9780/9613/9780961307370.jpg,Medical,Ph.D  Aletha J. Solter,16.24,Paperback
Stahl's Essential Psychopharmacology,9781110000000,https://d1w7fb2mkkr3kw.cloudfront.net/assets/images/book/mid/9781/1076/9781107686465.jpg,Medical,Stephen M. Stahl,77.99,Paperback
Human Anatomy,9780490000000,https://d1w7fb2mkkr3kw.cloudfront.net/assets/images/book/mid/9780/4862/9780486241388.jpg,Medical,Margaret Matt,5.27,Paperback
Ketotarian,9780530000000,https://d1w7fb2mkkr3kw.cloudfront.net/assets/images/book/mid/9780/5255/9780525537175.jpg,Medical,Will Cole,14.72,Paperback
Neuroanatomy through Clinical Cases,9780880000000,https://d1w7fb2mkkr3kw.cloudfront.net/assets/images/book/mid/9780/8789/9780878936137.jpg,Medical,Hal Blumenfeld,93.87,Paperback
Understanding Nutrition with Online Study Tools,9780170000000,https://d1w7fb2mkkr3kw.cloudfront.net/assets/images/book/mid/9780/1703/9780170366670.jpg,Medical,Eleanor Whitney,106.79,Mixed media product
Art as Therapy,9780710000000,https://d1w7fb2mkkr3kw.cloudfront.net/assets/images/book/mid/9780/7148/9780714872780.jpg,Medical,Alain Botton,12.06,Paperback
Jung: A Very Short Introduction,9780190000000,https://d1w7fb2mkkr3kw.cloudfront.net/assets/images/book/mid/9780/1928/9780192854582.jpg,Medical,Anthony Stevens,7.7,Paperback
The American Indian Secrets of Crystal Healing,9780570000000,https://d1w7fb2mkkr3kw.cloudfront.net/assets/images/book/mid/9780/5720/9780572022631.jpg,Medical,Luc Bourgault,9.84,Paperback
T A Today,9781870000000,https://d1w7fb2mkkr3kw.cloudfront.net/assets/images/book/mid/9781/8702/9781870244022.jpg,Medical,Ian Stewart,21.5,Paperback
A Colorful Introduction to the Anatomy of the Human Brain,9780210000000,https://d1w7fb2mkkr3kw.cloudfront.net/assets/images/book/mid/9780/2055/9780205548743.jpg,Medical,John P. J. Pinel,27.74,Paperback
Psychopath Free,9780430000000,https://d1w7fb2mkkr3kw.cloudfront.net/assets/images/book/mid/9780/4252/9780425279991.jpg,Medical,Jackson Mackenzie,13.17,Paperback
Essential Medical Statistics,9780870000000,https://d1w7fb2mkkr3kw.cloudfront.net/assets/images/book/mid/9780/8654/9780865428713.jpg,Medical,Betty R. Kirkwood,51.58,Paperback
Essential Oil Safety,9780440000000,https://d1w7fb2mkkr3kw.cloudfront.net/assets/images/book/mid/9780/4430/9780443062414.jpg,Medical,Robert Tisserand,83.18,Hardback
Comic Strip Conversations,9781890000000,https://d1w7fb2mkkr3kw.cloudfront.net/assets/images/book/mid/9781/8854/9781885477224.jpg,Medical,Carol Gray,9.06,Paperback
Bowls of Goodness: Vibrant Vegetarian Recipes Full of Nourishment,9780860000000,https://d1w7fb2mkkr3kw.cloudfront.net/assets/images/book/mid/9780/8578/9780857833914.jpg,Medical,Nina Olsson,18.62,Hardback
Healing the Child Within,9780930000000,https://d1w7fb2mkkr3kw.cloudfront.net/assets/images/book/mid/9780/9321/9780932194404.jpg,Medical,Charles L. Whitfield,9.56,Paperback
The Body Electric,9780690000000,https://d1w7fb2mkkr3kw.cloudfront.net/assets/images/book/mid/9780/6880/9780688069711.jpg,Medical,Robert O. Becker,15.03,Paperback
The Autoimmune Paleo Cookbook,9780580000000,https://d1w7fb2mkkr3kw.cloudfront.net/assets/images/book/mid/9780/5781/9780578135212.jpg,Medical,Mickey Trescott,26.55,Hardback
Tiny But Mighty,9781520000000,https://d1w7fb2mkkr3kw.cloudfront.net/assets/images/book/mid/9781/5247/9781524744069.jpg,Medical,Hannah Shaw,17.11,Hardback
The Horse Anatomy Workbook,9780850000000,https://d1w7fb2mkkr3kw.cloudfront.net/assets/images/book/mid/9780/8513/9780851319056.jpg,Medical,Maggie Raynor,19.57,Spiral bound
The Structure of Magic: A Book About Language and Therapy v. 1,9780830000000,https://d1w7fb2mkkr3kw.cloudfront.net/assets/images/book/mid/9780/8314/9780831400446.jpg,Medical,John Grinder,15.77,Paperback
"Breastfeeding And Human Lactation, Enhanced Fifth Edition",9781280000000,https://d1w7fb2mkkr3kw.cloudfront.net/assets/images/book/mid/9781/2840/9781284093957.jpg,Medical,Karen Wambach,154.75,Hardback
The Yoga Anatomy Coloring Book,9781640000000,https://d1w7fb2mkkr3kw.cloudfront.net/assets/images/book/mid/9781/6402/9781640210219.jpg,Medical,Kelly Solloway,16.85,Paperback
Freeing Your Child from Anxiety,9780800000000,https://d1w7fb2mkkr3kw.cloudfront.net/assets/images/book/mid/9780/8041/9780804139809.jpg,Medical,Tamar Chansky,15.55,Paperback
Theory and Practice of Counseling and Psychotherapy,9781310000000,https://d1w7fb2mkkr3kw.cloudfront.net/assets/images/book/mid/9781/3052/9781305263727.jpg,Medical,Gerald Corey,69.46,Paperback
Pharmacology for Midwives,9780230000000,https://d1w7fb2mkkr3kw.cloudfront.net/assets/images/book/mid/9780/2302/9780230215580.jpg,Medical,Sue Jordan,49.11,Paperback
The Nemechek Protocol for Autism and Developmental Disorders,9781980000000,https://d1w7fb2mkkr3kw.cloudfront.net/assets/images/book/mid/9781/9820/9781982067694.jpg,Medical,Jean R Nemechek J D,26.24,Paperback
Gestalt Therapy,9780290000000,https://d1w7fb2mkkr3kw.cloudfront.net/assets/images/book/mid/9780/2856/9780285626652.jpg,Medical,Frederick S. Perls,16.96,Paperback
Prescriber's Guide,9781320000000,https://d1w7fb2mkkr3kw.cloudfront.net/assets/images/book/mid/9781/3166/9781316618134.jpg,Medical,Stephen M. Stahl,57.61,Paperback
Essentials of Strength Training and Conditioning,9781490000000,https://d1w7fb2mkkr3kw.cloudfront.net/assets/images/book/mid/9781/4925/9781492501626.jpg,Medical,G.Gregory Haff,103.23,Mixed media product
The Human Bone Manual,9780120000000,https://d1w7fb2mkkr3kw.cloudfront.net/assets/images/book/mid/9780/1208/9780120884674.jpg,Medical,Tim D. White,32.29,Paperback
Hamlyn All Colour Cookery: 200 5:2 Diet Recipes,9780600000000,https://d1w7fb2mkkr3kw.cloudfront.net/assets/images/book/mid/9780/6006/9780600633471.jpg,Medical,Angela Dowden,6.56,Paperback
The Little Book of Big Weightloss,9780590000000,https://d1w7fb2mkkr3kw.cloudfront.net/assets/images/book/mid/9780/5930/9780593079423.jpg,Medical,Bernadette Fisers,10.66,Paperback
Smart Moves,9780920000000,https://d1w7fb2mkkr3kw.cloudfront.net/assets/images/book/mid/9780/9155/9780915556373.jpg,Medical,Carla Hannaford,16.99,Paperback
Basic epidemiology,9789240000000,https://d1w7fb2mkkr3kw.cloudfront.net/assets/images/book/mid/9789/2415/9789241547079.jpg,Medical,World Health Organization(WHO),21.38,Paperback
Where Did I Come From?,9780820000000,https://d1w7fb2mkkr3kw.cloudfront.net/assets/images/book/mid/9780/8184/9780818402531.jpg,Science-Geography,Peter Mayle,9.51,Paperback
Fingerprints Of The Gods,9780520000000,https://d1w7fb2mkkr3kw.cloudfront.net/assets/images/book/mid/9780/5178/9780517887295.jpg,Science-Geography,Graham Hancock,19.81,Paperback
A General Theory Of Love,9780380000000,https://d1w7fb2mkkr3kw.cloudfront.net/assets/images/book/mid/9780/3757/9780375709227.jpg,Science-Geography,Thomas Lewis,13.46,Paperback
The Theory of Everything,9788180000000,https://d1w7fb2mkkr3kw.cloudfront.net/assets/images/book/mid/9788/1799/9788179925911.jpg,Science-Geography,Stephen Hawking,12.71,Paperback
Art Forms in Nature: The Prints of Ernst Haeckel,9783790000000,https://d1w7fb2mkkr3kw.cloudfront.net/assets/images/book/mid/9783/7913/9783791319902.jpg,Science-Geography,Ernst Haeckel,18.4,Paperback
My Book Of Number Games 1-150,9784770000000,https://d1w7fb2mkkr3kw.cloudfront.net/assets/images/book/mid/9784/7743/9784774307602.jpg,Science-Geography,Publishing Kumon,9.9,Paperback
Seeing Like a State,9780300000000,https://d1w7fb2mkkr3kw.cloudfront.net/assets/images/book/mid/9780/3000/9780300078152.jpg,Science-Geography,James C. Scott,21.47,Paperback
Relativity,9789570000000,https://d1w7fb2mkkr3kw.cloudfront.net/assets/images/book/mid/9789/5695/9789569569067.jpg,Science-Geography,Albert Einstein,9.22,Paperback
What If?,9780540000000,https://d1w7fb2mkkr3kw.cloudfront.net/assets/images/book/mid/9780/5442/9780544272996.jpg,Science-Geography,Randall Munroe,19.45,Hardback
The Language Of God: A Scientist Presents Evidence For Belief,9781420000000,https://d1w7fb2mkkr3kw.cloudfront.net/assets/images/book/mid/9781/4165/9781416542742.jpg,Science-Geography,Collins,14.49,Paperback
Sapiens,9788500000000,https://d1w7fb2mkkr3kw.cloudfront.net/assets/images/book/mid/9788/4999/9788499926223.jpg,Science-Geography,Yuval Noah Harari,19.27,Paperback
Everyone Poops,9780610000000,https://d1w7fb2mkkr3kw.cloudfront.net/assets/images/book/mid/9780/6136/9780613685726.jpg,Science-Geography,Taro Gomi,15.4,Hardback
Maths for Mums and Dads,9780220000000,https://d1w7fb2mkkr3kw.cloudfront.net/assets/images/book/mid/9780/2240/9780224086356.jpg,Science-Geography,Rob Eastaway,12.72,Hardback
Meditations,9781950000000,https://d1w7fb2mkkr3kw.cloudfront.net/assets/images/book/mid/9781/9456/9781945644573.jpg,Science-Geography,Marcus Aurelius,4.41,Paperback
Don't Let the Pigeon Drive the Bus,9780790000000,https://d1w7fb2mkkr3kw.cloudfront.net/assets/images/book/mid/9780/7868/9780786819881.jpg,Science-Geography,Mo Willems,12.92,Paperback
Infinite Powers,9781330000000,https://d1w7fb2mkkr3kw.cloudfront.net/assets/images/book/mid/9781/3288/9781328879981.jpg,Science-Geography,Steven Strogatz,19.72,Hardback
The Twittering Machine,9782000000000,https://d1w7fb2mkkr3kw.cloudfront.net/assets/images/book/mid/9781/9996/9781999683382.jpg,Science-Geography,Richard Seymour,12.2,Paperback
Nightwatch,9781550000000,https://d1w7fb2mkkr3kw.cloudfront.net/assets/images/book/mid/9781/5540/9781554071470.jpg,Science-Geography,Terence Dickinson,29.11,Hardback
M.C. Escher. The Graphic Work,9783840000000,https://d1w7fb2mkkr3kw.cloudfront.net/assets/images/book/mid/9783/8365/9783836529846.jpg,Science-Geography,M C Escher,12.33,Hardback
Process and Reality,9780030000000,https://d1w7fb2mkkr3kw.cloudfront.net/assets/images/book/mid/9780/0293/9780029345702.jpg,Science-Geography,Alfred North Whitehead,18.81,Paperback
Moleskine Large Watercolour Album And Notebook,9788880000000,https://d1w7fb2mkkr3kw.cloudfront.net/assets/images/book/mid/9788/8837/9788883705625.jpg,Art-Photography,Moleskine,11.86,Notebook / blank book
101 Things I Learned in Architecture School,9780260000000,https://d1w7fb2mkkr3kw.cloudfront.net/assets/images/book/mid/9780/2620/9780262062664.jpg,Art-Photography,Matthew Frederick,12.95,Hardback
Parisian Chic,9782080000000,https://d1w7fb2mkkr3kw.cloudfront.net/assets/images/book/mid/9782/0802/9782080200730.jpg,Art-Photography,Inès de La Fressange,26.49,Paperback
Story,9780410000000,https://d1w7fb2mkkr3kw.cloudfront.net/assets/images/book/mid/9780/4137/9780413715609.jpg,Art-Photography,Robert McKee,24.1,Paperback
Japanese Knitting Stitch Bible,9784810000000,https://d1w7fb2mkkr3kw.cloudfront.net/assets/images/book/mid/9784/8053/9784805314531.jpg,Art-Photography,Hitomi Shida,16.37,Paperback
Music Theory for Young Children 1,9789670000000,https://d1w7fb2mkkr3kw.cloudfront.net/assets/images/book/mid/9789/6712/9789671250402.jpg,Art-Photography,Ying Ying Ng,7.7,Book
Theory of Music Made Easy: Grade 1,9789680000000,https://d1w7fb2mkkr3kw.cloudfront.net/assets/images/book/mid/9789/6798/9789679852936.jpg,Art-Photography,Lina Ng,6.25,Sheet music
Grid Systems in Graphic Design,9783720000000,https://d1w7fb2mkkr3kw.cloudfront.net/assets/images/book/mid/9783/7212/9783721201451.jpg,Art-Photography,Josef Müller-Brockmann,36.56,Hardback
Fashionpedia,9789880000000,https://d1w7fb2mkkr3kw.cloudfront.net/assets/images/book/mid/9789/8813/9789881354761.jpg,Art-Photography,FASHIONARY,34.96,Hardback
The Gashlycrumb Tinies,9780150000000,https://d1w7fb2mkkr3kw.cloudfront.net/assets/images/book/mid/9780/1510/9780151003082.jpg,Art-Photography,Edward Gorey,8.47,Hardback
Music Theory for Guitarists,9780630000000,https://d1w7fb2mkkr3kw.cloudfront.net/assets/images/book/mid/9780/6340/9780634066511.jpg,Art-Photography,Tom Kolb,11.67,Paperback
Know Your Onions: Graphic Design,9789060000000,https://d1w7fb2mkkr3kw.cloudfront.net/assets/images/book/mid/9789/0636/9789063692582.jpg,Art-Photography,Drew De Soto,14.35,Paperback
The Monocle Guide to Better Living,9783900000000,https://d1w7fb2mkkr3kw.cloudfront.net/assets/images/book/mid/9783/8995/9783899554908.jpg,Art-Photography,The Monocle,42.88,Hardback
Cash,9780000000000,https://d1w7fb2mkkr3kw.cloudfront.net/assets/images/book/mid/9780/0027/9780002740807.jpg,Art-Photography,Johnny Cash,5.68,Paperback
Reading Magic,9780160000000,https://d1w7fb2mkkr3kw.cloudfront.net/assets/images/book/mid/9780/1560/9780156035101.jpg,Art-Photography,Mem Fox,11.09,Paperback
"The Chronicles Of Narnia: The Lion, The Witch And The Wardrobe",9780560000000,https://d1w7fb2mkkr3kw.cloudfront.net/assets/images/book/mid/9780/5634/9780563477389.jpg,Art-Photography,BBC,8.23,CD-Audio
Atmospheres,9783760000000,https://d1w7fb2mkkr3kw.cloudfront.net/assets/images/book/mid/9783/7643/9783764374952.jpg,Art-Photography,Peter Zumthor,34.7,Hardback
Poco Piano 1,9789830000000,https://d1w7fb2mkkr3kw.cloudfront.net/assets/images/book/mid/9789/8343/9789834304829.jpg,Art-Photography,Ying Ying Ng,7.85,Book
Moleskine Large Japanese Accordion Album,9788860000000,https://d1w7fb2mkkr3kw.cloudfront.net/assets/images/book/mid/9788/8629/9788862933094.jpg,Art-Photography,Moleskine,12.38,Notebook / blank book
Thinking Architecture,9783030000000,https://d1w7fb2mkkr3kw.cloudfront.net/assets/images/book/mid/9783/0346/9783034605854.jpg,Art-Photography,Peter Zumthor,52.37,Hardback
The Fashion Business Manual,9789890000000,https://d1w7fb2mkkr3kw.cloudfront.net/assets/images/book/mid/9789/8877/9789887710974.jpg,Art-Photography,FASHIONARY,29.78,Hardback
White: Insights into Japanese Design Philosophy,9783040000000,https://d1w7fb2mkkr3kw.cloudfront.net/assets/images/book/mid/9783/0377/9783037781838.jpg,Art-Photography,Kenya Hara,19.33,Hardback
Before They Pass Away,9783830000000,https://d1w7fb2mkkr3kw.cloudfront.net/assets/images/book/mid/9783/8327/9783832797591.jpg,Art-Photography,Jimmy Nelson,103.97,Hardback
Henri Cartier-Bresson,9783870000000,https://d1w7fb2mkkr3kw.cloudfront.net/assets/images/book/mid/9783/8693/9783869307886.jpg,Art-Photography,Henri Cartier-Bresson,80.21,Hardback
Structural Engineer's Pocket Book: Eurocodes,9780080000000,https://d1w7fb2mkkr3kw.cloudfront.net/assets/images/book/mid/9780/0809/9780080971216.jpg,Art-Photography,Fiona Cobb,38.78,Paperback
Mein Kampf,9788170000000,https://d1w7fb2mkkr3kw.cloudfront.net/assets/images/book/mid/9788/1722/9788172241643.jpg,Biography,Adolf Hitler,13.49,Paperback
Robert Kuok,9789810000000,https://d1w7fb2mkkr3kw.cloudfront.net/assets/images/book/mid/9789/8141/9789814189736.jpg,Biography,Robert Kuok,25.6,Hardback
The Note Through the Wire,9781990000000,https://d1w7fb2mkkr3kw.cloudfront.net/assets/images/book/mid/9781/9885/9781988547091.jpg,Biography,Doug Gold,21.45,Paperback
Survival in Auschwitz,9789560000000,https://d1w7fb2mkkr3kw.cloudfront.net/assets/images/book/mid/9789/5629/9789562915304.jpg,Biography,Primo Levi,9.9,Paperback
The Pyramid Principle,9780270000000,https://d1w7fb2mkkr3kw.cloudfront.net/assets/images/book/mid/9780/2737/9780273710516.jpg,Business-Finance-Law,Barbara Minto,30.32,Hardback
Managing successful projects with PRINCE2,9780110000000,https://d1w7fb2mkkr3kw.cloudfront.net/assets/images/book/mid/9780/1133/9780113310593.jpg,Business-Finance-Law,Office of Government Commerce,79.25,Paperback
Reinventing Organizations,9782960000000,https://d1w7fb2mkkr3kw.cloudfront.net/assets/images/book/mid/9782/9601/9782960133509.jpg,Business-Finance-Law,Frederic Laloux,19.32,Paperback
Big Debt Crises,9781730000000,https://d1w7fb2mkkr3kw.cloudfront.net/assets/images/book/mid/9781/7326/9781732689800.jpg,Business-Finance-Law,Ray Dalio,35.98,Paperback
The Richest Man in Babylon,9789390000000,https://d1w7fb2mkkr3kw.cloudfront.net/assets/images/book/mid/9789/3876/9789387669369.jpg,Business-Finance-Law,George S Clason,9.06,Paperback
Setting the Table: The Transforming Power of Hospitality in Business,9780460000000,https://d1w7fb2mkkr3kw.cloudfront.net/assets/images/book/mid/9780/4620/9780462099255.jpg,Business-Finance-Law,Danny Meyer,11.07,Paperback
Rainbow Fish,9783310000000,https://d1w7fb2mkkr3kw.cloudfront.net/assets/images/book/mid/9783/3140/9783314015441.jpg,Childrens-Books,Marcus Pfister,7.12,Paperback
Dog Man 7: For Whom the Ball Rolls,9781340000000,https://d1w7fb2mkkr3kw.cloudfront.net/assets/images/book/mid/9781/3382/9781338236590.jpg,Childrens-Books,Dav Pilkey,11.14,Hardback
The Action Bible,9780780000000,https://d1w7fb2mkkr3kw.cloudfront.net/assets/images/book/mid/9780/7814/9780781444996.jpg,Childrens-Books,Sergio Cariello,18.34,Hardback
Clean Code,9780130000000,https://d1w7fb2mkkr3kw.cloudfront.net/assets/images/book/mid/9780/1323/9780132350884.jpg,Computing,Robert C. Martin,26.56,Paperback
UX Bites - Small bites of information about User Experience Design,9789730000000,https://d1w7fb2mkkr3kw.cloudfront.net/assets/images/book/mid/9789/7302/9789730298222.jpg,Computing,Gabriel Kirmaier,40.92,Hardback
The Art of Magic: The Gathering - Ravnica,9781970000000,https://d1w7fb2mkkr3kw.cloudfront.net/assets/images/book/mid/9781/9747/9781974705528.jpg,Computing,James Wyatt,27.88,Hardback
How to Write a Better Thesis,9783320000000,https://d1w7fb2mkkr3kw.cloudfront.net/assets/images/book/mid/9783/3190/9783319042855.jpg,Computing,David Evans,51.37,Paperback
The Advanced Roblox Coding Book: An Unofficial Guide,9781720000000,https://d1w7fb2mkkr3kw.cloudfront.net/assets/images/book/mid/9781/7214/9781721400072.jpg,Computing,Heath Haskins,10.85,Paperback
Scrum,9789090000000,https://d1w7fb2mkkr3kw.cloudfront.net/assets/images/book/mid/9789/0875/9789087537203.jpg,Computing,Gunther Verheyen,19.06,Paperback
Business Analysis Methodology Book,9786060000000,https://d1w7fb2mkkr3kw.cloudfront.net/assets/images/book/mid/9786/0586/9786058603738.jpg,Computing,Emrah Yayici,12.35,Paperback
Animal Friends of Pica Pau,9789490000000,https://d1w7fb2mkkr3kw.cloudfront.net/assets/images/book/mid/9789/4916/9789491643194.jpg,Crafts-Hobbies,Yan Schenkel,16.26,Paperback
Mein Sommerspaziergang,9783400000000,https://d1w7fb2mkkr3kw.cloudfront.net/assets/images/book/mid/9783/4046/9783404609291.jpg,Crafts-Hobbies,Rita Berman,9.3,Paperback
Shawls,9783770000000,https://d1w7fb2mkkr3kw.cloudfront.net/assets/images/book/mid/9783/7724/9783772481406.jpg,Crafts-Hobbies,Melanie Berg,24.29,Hardback
Magic Eye Gallery: A Showing of 88 Images,9780840000000,https://d1w7fb2mkkr3kw.cloudfront.net/assets/images/book/mid/9780/8362/9780836270440.jpg,Crafts-Hobbies,Cheri Smith,11.12,Paperback
Master the Coverstitch Machine,9789160000000,https://d1w7fb2mkkr3kw.cloudfront.net/assets/images/book/mid/9789/1639/9789163961519.jpg,Crafts-Hobbies,Johanna Lundstrom,20.78,Paperback
Animal Farm,9788130000000,https://d1w7fb2mkkr3kw.cloudfront.net/assets/images/book/mid/9788/1291/9788129116123.jpg,Crime-Thriller,George Orwell,5.69,Paperback
Bescherelle,9782220000000,https://d1w7fb2mkkr3kw.cloudfront.net/assets/images/book/mid/9782/2180/9782218065910.jpg,Dictionaries-Languages,Bescherelle,11.99,Hardback
Aula Internacional - Nueva edicion,9788420000000,https://d1w7fb2mkkr3kw.cloudfront.net/assets/images/book/mid/9788/4158/9788415846772.jpg,Dictionaries-Languages,Albert Espinosa,34.21,Mixed media product
Genki 1 Workbook,9784790000000,https://d1w7fb2mkkr3kw.cloudfront.net/assets/images/book/mid/9784/7890/9784789014410.jpg,Dictionaries-Languages,Eri Banno,30.69,Mixed media product
Point it,9783980000000,https://d1w7fb2mkkr3kw.cloudfront.net/assets/images/book/mid/9783/9808/9783980880275.jpg,Dictionaries-Languages,Dieter Graf,6.14,Paperback
The Mystery of Nils. Part 1 - Norwegian Course for Beginners. Learn Norwegian - Enjoy the Story.,9783950000000,https://d1w7fb2mkkr3kw.cloudfront.net/assets/images/book/mid/9783/9451/9783945174005.jpg,Dictionaries-Languages,Werner Skalla,28.73,Paperback
Le petit Nicolas,9782070000000,https://d1w7fb2mkkr3kw.cloudfront.net/assets/images/book/mid/9782/0703/9782070364237.jpg,Dictionaries-Languages,Rene Goscinny,9.87,Paperback
Der Vorleser,9783260000000,https://d1w7fb2mkkr3kw.cloudfront.net/assets/images/book/mid/9783/2572/9783257229530.jpg,Dictionaries-Languages,Bernhard Schlink,10.96,Paperback
New Practical Chinese Reader vol.1 - Textbook,9787560000000,https://d1w7fb2mkkr3kw.cloudfront.net/assets/images/book/mid/9787/5619/9787561926239.jpg,Dictionaries-Languages,Xun Liu,23,Paperback
Themen Aktuell,9783190000000,https://d1w7fb2mkkr3kw.cloudfront.net/assets/images/book/mid/9783/1925/9783192516900.jpg,Dictionaries-Languages,Heiko Bock,24.01,Paperback
Alter Ego +,9782010000000,https://d1w7fb2mkkr3kw.cloudfront.net/assets/images/book/mid/9782/0115/9782011558107.jpg,Dictionaries-Languages,Annie Berthet,27.89,CD-ROM
Grammaire progressive du francais - Nouvelle edition,9782090000000,https://d1w7fb2mkkr3kw.cloudfront.net/assets/images/book/mid/9782/0903/9782090381030.jpg,Dictionaries-Languages,Maia Gregoire,29.62,Mixed media product
Nuevo Ven,9788480000000,https://d1w7fb2mkkr3kw.cloudfront.net/assets/images/book/mid/9788/4771/9788477118312.jpg,Dictionaries-Languages,Francisca Castro,30.11,Mixed media product
Voice and the Actor,9780020000000,https://d1w7fb2mkkr3kw.cloudfront.net/assets/images/book/mid/9780/0204/9780020415558.jpg,Dictionaries-Languages,Cicely Berry,9.15,Paperback
Novo Avenida Brasil,9788510000000,https://d1w7fb2mkkr3kw.cloudfront.net/assets/images/book/mid/9788/5125/9788512545202.jpg,Dictionaries-Languages,Emma Eberlein O. F. Lima,42.82,Mixed media product
Ele Actual,9788470000000,https://d1w7fb2mkkr3kw.cloudfront.net/assets/images/book/mid/9788/4675/9788467551815.jpg,Dictionaries-Languages,Virgilio Borobio,30.62,Mixed media product
"The Italian Project, Beginners 1a",9788900000000,https://d1w7fb2mkkr3kw.cloudfront.net/assets/images/book/mid/9788/8984/9788898433001.jpg,Dictionaries-Languages,T Marin,35.42,Mixed media product
Begegnungen,9783930000000,https://d1w7fb2mkkr3kw.cloudfront.net/assets/images/book/mid/9783/9295/9783929526868.jpg,Dictionaries-Languages,Anne Buscha,31.78,Mixed media product
Madeleine,9782210000000,https://d1w7fb2mkkr3kw.cloudfront.net/assets/images/book/mid/9782/2110/9782211021562.jpg,Dictionaries-Languages,Bemelmans,13.25,Paperback
Studio D,9783460000000,https://d1w7fb2mkkr3kw.cloudfront.net/assets/images/book/mid/9783/4642/9783464207079.jpg,Dictionaries-Languages,Hermann Funk,30.8,Paperback
Studio 21,9783070000000,https://d1w7fb2mkkr3kw.cloudfront.net/assets/images/book/mid/9783/0652/9783065205269.jpg,Dictionaries-Languages,Hermann Funk,37.78,Mixed media product
La gloire de mon pere,9782880000000,https://d1w7fb2mkkr3kw.cloudfront.net/assets/images/book/mid/9782/8770/9782877065078.jpg,Dictionaries-Languages,Marcel Pagnol,9.2,Paperback
Connexions,9782280000000,https://d1w7fb2mkkr3kw.cloudfront.net/assets/images/book/mid/9782/2780/9782278054114.jpg,Dictionaries-Languages,Yves Loiseau,27.44,Paperback
Laduree: the Sweet Recipes,9782810000000,https://d1w7fb2mkkr3kw.cloudfront.net/assets/images/book/mid/9782/8123/9782812304439.jpg,Food-Drink,Philippe Andrieu,31.55,Hardback
Tintin in the Congo,9782200000000,https://d1w7fb2mkkr3kw.cloudfront.net/assets/images/book/mid/9782/2030/9782203096509.jpg,Graphic-Novels-Anime-Manga,Herge,13.33,Hardback
Punisher Max Complete Collection Vol. 1,9781300000000,https://d1w7fb2mkkr3kw.cloudfront.net/assets/images/book/mid/9781/3029/9781302900151.jpg,Graphic-Novels-Anime-Manga,Garth Ennis,20.42,Paperback
"Asana, Pranayama, Mudra and Bandha",9788190000000,https://d1w7fb2mkkr3kw.cloudfront.net/assets/images/book/mid/9788/1863/9788186336144.jpg,Health,Swami Satyananda Saraswati,29.78,Paperback
Stasiland,9783600000000,https://d1w7fb2mkkr3kw.cloudfront.net/assets/images/book/mid/9783/5961/9783596167463.jpg,History-Archaeology,Anna Funder,12.28,Paperback
Chanel (3 Volumes in Slipcase),9782840000000,https://d1w7fb2mkkr3kw.cloudfront.net/assets/images/book/mid/9782/8432/9782843235184.jpg,Home-Garden,Francois Baudot,47.94,Hardback
Nicole de Vesian - Gardens,9782740000000,https://d1w7fb2mkkr3kw.cloudfront.net/assets/images/book/mid/9782/7427/9782742797349.jpg,Home-Garden,Louisa Jones,48.7,Hardback
Your Body's Telling You: Love Yourself,9782920000000,https://d1w7fb2mkkr3kw.cloudfront.net/assets/images/book/mid/9782/9209/9782920932173.jpg,Mind-Body-Spirit,Lise Bourbeau,23.88,Paperback
Just This,9780280000000,https://d1w7fb2mkkr3kw.cloudfront.net/assets/images/book/mid/9780/2810/9780281079919.jpg,Mind-Body-Spirit,Richard Rohr,8.89,Paperback
Mini Cubebook Horses,9788850000000,https://d1w7fb2mkkr3kw.cloudfront.net/assets/images/book/mid/9788/8544/9788854402157.jpg,Natural-History,Gabrielle Boiselle,6.61,Hardback
The Buzz about Bees,9783540000000,https://d1w7fb2mkkr3kw.cloudfront.net/assets/images/book/mid/9783/5407/9783540787273.jpg,Natural-History,Jürgen Tautz,32.97,Hardback
Born to Ice,9783960000000,https://d1w7fb2mkkr3kw.cloudfront.net/assets/images/book/mid/9783/9617/9783961711239.jpg,Natural-History,Leonardo DiCaprio,85.25,Hardback
Needle Felted Kittens: How to Create Cut and Lifelike Cats from Wool,9784870000000,https://d1w7fb2mkkr3kw.cloudfront.net/assets/images/book/mid/9784/8650/9784865051001.jpg,Natural-History,Hinali,14.17,Paperback
Harry Potter Und Der Stein Der Weisen,9783550000000,https://d1w7fb2mkkr3kw.cloudfront.net/assets/images/book/mid/9783/5513/9783551354013.jpg,Poetry-Drama,J. K. Rowling,11.28,Paperback
Waiting for Godot,9783150000000,https://d1w7fb2mkkr3kw.cloudfront.net/assets/images/book/mid/9783/1500/9783150092149.jpg,Poetry-Drama,Samuel Beckett,5.45,Paperback
No et moi,9782250000000,https://d1w7fb2mkkr3kw.cloudfront.net/assets/images/book/mid/9782/2531/9782253124801.jpg,Poetry-Drama,Delphine de Vigan,8.95,Paperback
Golf Rules Quick Reference 2019,9783910000000,https://d1w7fb2mkkr3kw.cloudfront.net/assets/images/book/mid/9783/9068/9783906852157.jpg,Sport,Yves C Ton-That,11.93,Spiral bound
Moleskine Soft Underwater Blue Large Dotted Notebook,9788870000000,https://d1w7fb2mkkr3kw.cloudfront.net/assets/images/book/mid/9788/8673/9788867323678.jpg,Stationery,Moleskine,13.37,Notebook / blank book
"Moleskine 2020 Petit Prince Weekly Planner, 12m, Pocket, Fox, Hard Cover (3.5 X 5.5)",8053850000000,https://d1w7fb2mkkr3kw.cloudfront.net/assets/images/book/mid/8053/8536/8053853600288.jpg,Stationery,Moleskine,10.95,Calendar
"Moleskine Art Collection Watercolour Notebook, Large, Plain, Black, Hard Cover (5 X 8.25)",8058340000000,https://d1w7fb2mkkr3kw.cloudfront.net/assets/images/book/mid/8058/3417/8058341715635.jpg,Stationery,Moleskine,11.62,Diary
"Moleskine 2020 Weekly Planner, 12m, Large, Ripe Yellow, Hard Cover (5 X 8.25)",8058650000000,https://d1w7fb2mkkr3kw.cloudfront.net/assets/images/book/mid/8058/6476/8058647628387.jpg,Stationery,Moleskine,11.7,Calendar
Rainbow Bible Indexing Tabs Old & New Testament,9789900000000,https://d1w7fb2mkkr3kw.cloudfront.net/assets/images/book/mid/9789/9004/9789900493464.jpg,Stationery,Tabbies,4.38,General merchandise
507 Mechanical Movements,9789650000000,https://d1w7fb2mkkr3kw.cloudfront.net/assets/images/book/mid/9789/6500/9789650060213.jpg,Technology-Engineering,Henry T Brown,9.86,Paperback
Introduction to Elementary Particles,9783530000000,https://d1w7fb2mkkr3kw.cloudfront.net/assets/images/book/mid/9783/5274/9783527406012.jpg,Technology-Engineering,David Griffiths,65.73,Paperback
Lowrider Coloring Book,9789190000000,https://d1w7fb2mkkr3kw.cloudfront.net/assets/images/book/mid/9789/1856/9789185639410.jpg,Transport,Oscar Nilsson,9.52,Paperback
Mikoyan-Gurevitch Mig 21,9782350000000,https://d1w7fb2mkkr3kw.cloudfront.net/assets/images/book/mid/9782/3525/9782352501473.jpg,Transport,Gerard Paloque,16.9,Paperback
Carrying Cambodia,9789630000000,https://d1w7fb2mkkr3kw.cloudfront.net/assets/images/book/mid/9789/6285/9789628563784.jpg,Transport,Conor Wall,16.13,Paperback
Porsche Drive,9783670000000,https://d1w7fb2mkkr3kw.cloudfront.net/assets/images/book/mid/9783/6671/9783667102898.jpg,Transport,Stefan Bogner,48.04,Hardback
Metros & Trams in Japan 3,9783940000000,https://d1w7fb2mkkr3kw.cloudfront.net/assets/images/book/mid/9783/9365/9783936573541.jpg,Transport,Andrew Phipps,20.98,Paperback
The Junkers Ju-87,9782910000000,https://d1w7fb2mkkr3kw.cloudfront.net/assets/images/book/mid/9782/9139/9782913903531.jpg,Transport,Herbert Leonard,14.85,Paperback
500 Hidden Secrets of London,9789460000000,https://d1w7fb2mkkr3kw.cloudfront.net/assets/images/book/mid/9789/4605/9789460581731.jpg,Travel-Holiday-Guides,Tom Greig,14.37,Paperback
